# tag	args  (generated by generate_benchmarks.py -- do not hand-edit)
p_low_000	--lam-range 0.001 0.00115
p_low_001	--lam-range 0.00115 0.0013225
p_low_002	--lam-range 0.0013225 0.00152087
p_low_003	--lam-range 0.00152087 0.00174901
p_low_004	--lam-range 0.00174901 0.00201136
p_low_005	--lam-range 0.00201136 0.00231306
p_low_006	--lam-range 0.00231306 0.00266002
p_low_007	--lam-range 0.00266002 0.00305902
p_low_008	--lam-range 0.00305902 0.00351788
p_low_009	--lam-range 0.00351788 0.00404556
p_low_010	--lam-range 0.00404556 0.00465239
p_low_011	--lam-range 0.00465239 0.00535025
p_low_012	--lam-range 0.00535025 0.00615279
p_low_013	--lam-range 0.00615279 0.00707571
p_low_014	--lam-range 0.00707571 0.00813706
p_low_015	--lam-range 0.00813706 0.00935762
p_low_016	--lam-range 0.00935762 0.0107613
p_low_017	--lam-range 0.0107613 0.0123755
p_low_018	--lam-range 0.0123755 0.0142318
p_low_019	--lam-range 0.0142318 0.0163665
p_low_020	--lam-range 0.0163665 0.0188215
p_low_021	--lam-range 0.0188215 0.0216447
p_low_022	--lam-range 0.0216447 0.0248915
p_low_023	--lam-range 0.0248915 0.0286252
p_low_024	--lam-range 0.0286252 0.032919
p_low_025	--lam-range 0.032919 0.0378568
p_low_026	--lam-range 0.0378568 0.0435353
p_low_027	--lam-range 0.0435353 0.0500656
p_low_028	--lam-range 0.0500656 0.0575755
p_low_029	--lam-range 0.0575755 0.0662118
p_low_030	--lam-range 0.0662118 0.0761435
p_low_031	--lam-range 0.0761435 0.0875651
p_low_032	--lam-range 0.0875651 0.1007
p_low_033	--lam-range 0.1007 0.115805
p_low_034	--lam-range 0.115805 0.133176
p_low_035	--lam-range 0.133176 0.153152
p_low_036	--lam-range 0.153152 0.176125
p_low_037	--lam-range 0.176125 0.202543
p_low_038	--lam-range 0.202543 0.232925
p_low_039	--lam-range 0.232925 0.267864
p_low_040	--lam-range 0.267864 0.308043
p_low_041	--lam-range 0.308043 0.35425
p_low_042	--lam-range 0.35425 0.407387
p_low_043	--lam-range 0.407387 0.468495
p_low_044	--lam-range 0.468495 0.538769
p_low_045	--lam-range 0.538769 0.619585
p_low_046	--lam-range 0.619585 0.712522
p_low_047	--lam-range 0.712522 0.819401
p_low_048	--lam-range 0.819401 0.942311
p_low_049	--lam-range 0.942311 1.08366
p_low_050	--lam-range 1.08366 1.24621
p_low_051	--lam-range 1.24621 1.43314
p_low_052	--lam-range 1.43314 1.64811
p_low_053	--lam-range 1.64811 1.89532
p_low_054	--lam-range 1.89532 2.17962
p_low_055	--lam-range 2.17962 2.50657
p_low_056	--lam-range 2.50657 2.88255
p_low_057	--lam-range 2.88255 3.31493
p_low_058	--lam-range 3.31493 3.81217
p_low_059	--lam-range 3.81217 4.384
p_low_060	--lam-range 4.384 5.0416
p_low_061	--lam-range 5.0416 5.79784
p_low_062	--lam-range 5.79784 6.66751
p_low_063	--lam-range 6.66751 7.66764
p_low_064	--lam-range 7.66764 8.81779
p_low_065	--lam-range 8.81779 10.1405
p_low_066	--lam-range 10.1405 11.6615
p_low_067	--lam-range 11.6615 13.4108
p_low_068	--lam-range 13.4108 15.4224
p_low_069	--lam-range 15.4224 17.7357
p_low_070	--lam-range 17.7357 20.3961
p_low_071	--lam-range 20.3961 23.4555
p_low_072	--lam-range 23.4555 26.9738
p_low_073	--lam-range 26.9738 30
p_ptrs_000	--lam-range 30 60
p_ptrs_001	--lam-range 60 120
p_ptrs_002	--lam-range 120 240
p_ptrs_003	--lam-range 240 480
p_ptrs_004	--lam-range 480 960
p_ptrs_005	--lam-range 960 1920
p_ptrs_006	--lam-range 1920 3840
p_ptrs_007	--lam-range 3840 7680
p_ptrs_008	--lam-range 7680 15360
p_ptrs_009	--lam-range 15360 30720
p_ptrs_010	--lam-range 30720 61440
p_ptrs_011	--lam-range 61440 122880
p_ptrs_012	--lam-range 122880 245760
p_ptrs_013	--lam-range 245760 491520
p_ptrs_014	--lam-range 491520 983040
p_ptrs_015	--lam-range 983040 1.96608e+06
p_ptrs_016	--lam-range 1.96608e+06 3.93216e+06
p_ptrs_017	--lam-range 3.93216e+06 7.86432e+06
p_ptrs_018	--lam-range 7.86432e+06 1.57286e+07
p_ptrs_019	--lam-range 1.57286e+07 3.14573e+07
p_ptrs_020	--lam-range 3.14573e+07 6.29146e+07
p_ptrs_021	--lam-range 6.29146e+07 1.25829e+08
p_ptrs_022	--lam-range 1.25829e+08 2.51658e+08
p_ptrs_023	--lam-range 2.51658e+08 5.03316e+08
p_ptrs_024	--lam-range 5.03316e+08 1.00663e+09
p_ptrs_025	--lam-range 1.00663e+09 2.01327e+09
p_ptrs_026	--lam-range 2.01327e+09 4.02653e+09
p_ptrs_027	--lam-range 4.02653e+09 8.05306e+09
p_ptrs_028	--lam-range 8.05306e+09 1.61061e+10
p_ptrs_029	--lam-range 1.61061e+10 3.22123e+10
p_ptrs_030	--lam-range 3.22123e+10 6.44245e+10
p_ptrs_031	--lam-range 6.44245e+10 1.28849e+11
p_ptrs_032	--lam-range 1.28849e+11 2.57698e+11
p_ptrs_033	--lam-range 2.57698e+11 5.15396e+11
p_ptrs_034	--lam-range 5.15396e+11 1.03079e+12
p_ptrs_035	--lam-range 1.03079e+12 2.06158e+12
p_ptrs_036	--lam-range 2.06158e+12 4.12317e+12
p_ptrs_037	--lam-range 4.12317e+12 8.24634e+12
p_ptrs_038	--lam-range 8.24634e+12 1.64927e+13
p_ptrs_039	--lam-range 1.64927e+13 3.29853e+13
p_ptrs_040	--lam-range 3.29853e+13 6.59707e+13
p_ptrs_041	--lam-range 6.59707e+13 1.31941e+14
p_ptrs_042	--lam-range 1.31941e+14 2.63883e+14
p_ptrs_043	--lam-range 2.63883e+14 5.27766e+14
p_ptrs_044	--lam-range 5.27766e+14 1.05553e+15
p_ptrs_045	--lam-range 1.05553e+15 2.11106e+15
p_ptrs_046	--lam-range 2.11106e+15 4.22212e+15
p_ptrs_047	--lam-range 4.22212e+15 8.44425e+15
p_ptrs_048	--lam-range 8.44425e+15 1.68885e+16
p_ptrs_049	--lam-range 1.68885e+16 3.3777e+16
p_ptrs_050	--lam-range 3.3777e+16 6.7554e+16
p_ptrs_051	--lam-range 6.7554e+16 7.20576e+16
p_switch_straddle	--lam-range 10 60
